Aaron Turner <synfinatic@gmail.com> Aaron Turner <793593-synfinatic@users.noreply.gitlab.com>
Adam Mitz <mitza@objectcomputing.com> Adam Mitz <mitza@ociweb.com>
Adam Parker <foreverska@protonmail.com> foreverska <foreverska@protonmail.com>
Adedeji Adeloye <adadeloy@microsoft.com> Adedeji Adeloye <adeloyedeji@gmail.com>
Adrian Dobrica <adrian.dobrica@keysight.com> addobric <adrian.dobrica@keysight.com>
Adrian Granados <adrian@intuitibits.com> Adrian Granados <adrian@adriangranados.com>
Adrian Simionov <daniel.simionov@gmail.com> <daniel.simionov@gmail.com>
Adrien Destugues <adestugues@toulouse.viveris.com> Adrien Destugues <adrien.destugues@opensource.viveris.fr>
Ahmad Fatoum <ahmad@a3f.at> Ahmad Fatoum <ahmad.fatoum@siemens.com>
Alan Partis <alpartis@thundernet.com> alpartis <alpartis@thundernet.com>
Albert Chuang <achuang@wi-fi.org> WFA-achuang <achuang@wi-fi.org>
Aleksandar Bonin <aleks@bonin.tech> alex4o <aleks@bonin.tech>
Aleksei Loginov <loginov.alex.valer@gmail.com> AlexL <loginov.alex.valer@gmail.com>
Alexander Clouter <aclouter@networkradius.com> Alexander Clouter <alex@digriz.org.uk>
Alexander Gärtner <sphinxs1988@googlemail.com> alage <sphinxs1988@googlemail.com>
Alexander Wetzel <alexander.wetzel@web.de> deagol
Alexandr Savca <alexandr.savca89@gmail.com> Alexandr Savca <s.alex08@mail.ru>
Alexandr Savca <alexandr.savca89@gmail.com> chinarulezzz <alexandr.savca89@gmail.com>
Alexandr Savca <alexandr.savca89@gmail.com> chinarulezzz <s.alex08@mail.ru>
Alex Badea <alex.badea@keysight.com> Alex Badea <abadea@ixiacom.com>
Alex Robles <amrobles@gblsys.com> GBLCA\amrobles <amrobles@gblsys.com>
Alex Sandrag <alextc92@gmail.com> Alex <alextc92@gmail.com>
Alex Sirr <alexsirruw@gmail.com> alexsirr <alexsirruw@gmail.com>
Alvin Xu <alvin.xu@nokia-sbell.com> Alvin <alvin.xu@nokia-sbell.com>
Ameya Deshpande <ameyanrd@gmail.com> Ameya Deshpande <ameya.181co205@nitk.edu.in>
Ameya Deshpande <ameyanrd@gmail.com> Ameya Deshpande <ameyanrd@outlook.com>
Anders Broman <a.broman58@gmail.com> <a.broman58@gmail.com>
Anders Broman <a.broman58@gmail.com> <a.broman@bredband.net>
Anders Broman <a.broman58@gmail.com> <anders.broman@ericsson.com>
Andoni Fiat <andoni.fiat@nemergent-solutions.com> Fiat <andoni.fiat@nemergent-solutions.com>
Andreas Karlsson <se.nakarlsson@gmail.com> nakarlsson <se.nakarlsson@gmail.com>
Andreas Schultz <andreas.schultz@travelping.com> Andreas Schultz <aschultz@warp10.net>
Andrew Shultzabarger <andrew@ardnew.com> ardnew <andrew@ardnew.com>
Andrey Tverd <andr.tverd@gmail.com> Andrey <andr.tverd@gmail.com>
Andrii Vladyka <a.vladyka@ukr.net> Andrii Vladyka <andrii.vladyka@harmonicinc.com>
Andy Ling <Andy.Ling@quantel.com> Andy Ling <andy.ling@s-a-m.com>
Andy Ling <andy.ling@s-a-m.com> AndyL <andy.ling@s-a-m.com>
Anil Kumar K K <anilkumar911@gmail.com> anilkumar911 <anilkumar911@gmail.com>
Anish <anish@chelsio.com> Anish Bhatt <anish@gatech.edu>
Anna Ivanova <ivanutka19@gmail.com> annaowl22 <ivanutka19@gmail.com>
Anthonin Bonnefoy <anthonin.bonnefoy@gmail.com> Anthonin Bonnefoy <anthonin.bonnefoy@datadoghq.com>
Antony Bridle <ant.bridle@gmail.com> antony.bridle <ant.bridle@gmail.com>
Arkadiusz Bokowy <a.bokowy@samsung.com> Arkadiusz Bokowy <arkadiusz.bokowy@gmail.com>
Artem Kan <artyom.kan@dsr-corporation.com> Artem Kan <kan.art.email@gmail.com>
Audric Schiltknecht <audric+gitlab@schiltknecht.org> Audric Schiltknecht <audric.schiltknecht@external.thalesaleniaspace.com>
Balint Reczey <balint@balintreczey.hu> Balint Reczey <balint.reczey@canonical.com>
Balint Reczey <balint@balintreczey.hu> <balint.reczey@ericsson.com>
Balint Reczey <balint@balintreczey.hu> Balint Reczey <rbalint@ubuntu.com>
Bartolo Otrit <bartolootrit@gmail.com> bartolootrit <bartolootrit@code.wireshark.org>
Başak Kalfa <basakkalfa@gmail.com> basakkal <basakkalfa@gmail.com>
Başak Kalfa <basakkalfa@gmail.com> <basakkalfa@gmail.com>
Bill Meier <bill.meier@protonmail.com> Bill Meier <wmeier@newsguy.com>
Boris Bochkarev <Boris-Bochkaryov@yandex.ru> boris.bochkarev <Boris-Bochkaryov@yandex.ru>
Branimir Rajtar <branimir.rajtar@5x9networks.com> Branimir Rajtar <branimir.rajtar@gmail.com>
Brian Sipos <brian.sipos@gmail.com> Brian Sipos <brian.sipos@jhuapl.edu>
Brian Whitney <brian.m.whitney@outlook.com> bwhitn <brian.m.whitney@outlook.com>
Caleb Chiu <caleb.chiu@macnica.com> Caleb Chiu <work.chiu@gmail.com>
Cal Turney <cturney111@gmail.com> Cal Turney <cal.turney@emc.com>
Cal Turney <cturney111@gmail.com> Cal Turney <cturney@charter.net>
Cal Turney <cturney111@gmail.com> cturney <cturney@charter.net>
Camille Guerin <guerincamille56@gmail.com> cacamille3 <guerincamille56@gmail.com>
Carlos Pignataro <cpignata@gmail.com> Carlos Pignataro <cpignata@cisco.com> 
Cedric Izoard <cedric.izoard@ceva-dsp.com> Cedric Izoard <cedric.izoard@rivierawaves.com>
Cenk Gündoğan <mail+dev@gundogan.net> Cenk Gündoğan <cnkgndgn@gmail.com>
Chaitanya Tata <Chaitanya.Tata@nordicsemi.no> Chaitanya Tata <chaitanya.mgit@gmail.com>
Chaitanya Tata <Chaitanya.Tata@nordicsemi.no> Chaitanya T K <chaitanya.mgit@gmail.com>
Chaitanya Tata <Chaitanya.Tata@nordicsemi.no> tkc <chaitanya.mgit@gmail.com>
Chaoyong Zhou <bgnvendor@163.com> chaoyongzhou <bgnvendor@163.com>
Chema Gonzalez <chemag@fb.com> Chema Gonzalez <chemag@gmail.com>
Chia-Chin Chung <chiachin112686@gmail.com> chiachin2686 <chiachin112686@gmail.com>
Chris Bontje <cbontje@gmail.com> cbontje <cbontje@gmail.com>
Chris Bontje <cbontje@gmail.com> chrisbontje <cbontje@gmail.com>
Chris Brandson <chris.brandson@gmail.com> Chris Brandson <cjb@exegin.com>
Chris Dunlop <chris.dunlop3@gmail.com> cjdunlop
Chris Maynard <Christopher.Maynard@GTECH.COM> <Christopher.Maynard@igt.com>
Christian M. Amsüss <chrysn@fsfe.org> chrysn <chrysn@fsfe.org>
Christophe Guerber <christophe.guerber@enac.fr> C. Guerber <cguerber@yahoo.com>
Christophe Guerber <christophe.guerber@enac.fr> Christophe GUERBER <christophe.guerber@gmail.com>
Christophe Guerber <christophe.guerber@enac.fr> Christophe GUERBER <christophe.guerber@gmail.com>
Christophe Paris <christophe.paris@free.fr> Toff <christophe.paris@free.fr>
Christoph Jähnigen <nuabaranda@web.de> desolat <nuabaranda@web.de>
Christoph Schlosser <christoph@schlosser.xyz> Christoph Schlosser <christoph.schlosser@br-automation.com>
Claudius Zingerli <czingerl@gmail.com> zeuz <czingerl@gmail.com>
Clemens von Mann <clemens@chc-html.de> Clemens <clemens@chc-html.de>
Clément Notin <clement@notin.org> Clément Notin <clement.notin@gmail.com>
Csaba Bartis <bracsek@bracsek.eu> Csaba Bartis <bartis.csaba@gmail.com>
Dana Sy <dana.hayden.sy@gmail.com> Dana Sy <dhs@exegin.com>
Daniel Dulaney <dan@dulaney.xyz> Daniel Dulaney <dulaney.daniel@gmail.com>
Daniel Mouscher <dmouscher@gmail.com> Mouscher, Daniel [Intern] <dmouscher@gmail.com>
Daniel Tan <BACdaBASpert@optigo.net> BACdaBASpert <BACdaBASpert@optigo.net>
Daniël van Eeden <wireshark@myname.nl> Daniel van Eeden
Daniël van Eeden <wireshark@myname.nl> Daniël van Eeden <github@myname.nl>
Daniël van Eeden <wireshark@myname.nl> <git@myname.nl>
Darien Spencer <cusneud@mail.com> DarienSpencer65 <cusneud@mail.com>
Dario Lombardo <lomato@gmail.com> dario <lomato@gmail.com>
Darius Davis <darius-wireshark@free-range.com.au> dariusd0 <darius-gitlab@free-range.com.au>
Darius Davis <darius-wireshark@free-range.com.au> dariusd0 <darius@vmware.com>
Darius Davis <darius-wireshark@free-range.com.au> Darius Davis <darius@vmware.com>
Dave Tapuska <dtapuska@google.com> dave@tapuska.com
David Aggeler <david_aggeler@yahoo.com> david-aggeler <david_aggeler@yahoo.com>
David Ameiss <dameiss@29west.com> <netshark@ameissnet.com>
David Bastiani <daveb64@yahoo.com>Dave B <daveb64@yahoo.com>
David Croucher <dacroucher@gmail.com> darcro <dacroucher@gmail.com>
David Perry <boolean263@protonmail.com> David Perry <d.perry@utoronto.ca>
David Zoller <zollerd@gmail.com> dz-msfc <zollerd@gmail.com>
Deep Datta <ddatta@ixiacom.com> Deep Datta <deepdatta2010@yahoo.co.in>
Deep Datta <deep.datta@keysight.com> Deep Datta <ddatta@ixiacom.com>
Denis Janssen <janssend@gmail.com> janssend <janssend@gmail.com>
Dennis Lanov <dennis.lanov@gmail.com> dennis.lanov <dennis.lanov@gmail.com>
Dennis van der Schagt <dennisschagt@gmail.com> dennisschagt <dennisschagt@gmail.com>
Dev AM <dev.am@web.de> Dev AM <125025268+CodeDevAM@users.noreply.github.com>
Dhiru Kholia <kholia@kth.se> Dhiru Kholia <dhiru.kholia@gmail.com>
Dhruv Chandwani <dhchandw@silabs.com> Dhruv Chandwani <dhruvchandwani23@gmail.com>
Didier Gautheron <dgautheron@magic.fr> didier <dgautheron@magic.fr>
Diego Dupin <diego.dupin@mariadb.com> diego dupin <diego.dupin@mariadb.com>
Dieter Dobbelaere <dieter.dobbelaere@excentis.com> Dieter Dobbelaere <dieter.dobbelaere@gmail.com>
Dirk Jagdmann <doj@cubic.org> Dirk <doj@cubic.org>
Dirk Römmen <dirk.roemmen@cslab.de> Dirk Römmen <dro@cslab.de>
Dirk Römmen <dirk.roemmen@cslab.de> Dirk Römmen <dro@mbs-software.de>
Dirk Ziegelmeier <dirk@ziegelmeier.net> Dirk Ziegelmeier <dziegelmeier@de.pepperl-fuchs.com>
Disha Daniel <ddaniel@empirix.com> dishadaniel <ddaniel@empirix.com>
Dmitry Bazhenov <dima_b@pigeonpoint.com> U-beauty\bdn <dima_b@pigeonpoint.com>
Dmitry Lazurkin <dilaz03@gmail.com> Dmitry Lazurkin <dmitry.lazurkin@synesis.ru>
Dongyeon Kim <dongyeonkim2000@gmail.com> KIMDONGYEON00 <dongyeonkim2000@gmail.com>
Dr. Lars Völker <lars.voelker@technica-engineering.de> Dr. Lars Voelker <lars-github@larsvoelker.de>
Dr. Lars Völker <lars.voelker@technica-engineering.de> Dr. Lars Voelker <lars.voelker@bmw.de>
Dr. Lars Völker <lars.voelker@technica-engineering.de> Dr. Lars Völker <lars.voelker@bmw.de>
Dylan Ulis <daulis0@gmail.com> D. Ulis <daulis0@gmail.com>
Dylan Ulis <daulis0@gmail.com> Dylan Ulis <daulis@ra.rockwell.com>
Eason Wei <sharkhw@huawei.com> easonweii <sharkhw@huawei.com>
Eason Wei <sharkhw@huawei.com> eason wei <sharkhw@huawei.com>
Eckart Haug <wireshark@syntacs.com> eckart haug <wireshark@syntacs.com>
Ed Beroset <beroset@ieee.org> Ed Beroset <beroset@mindspring.com>
Edward Smith <edward.smith@nowlegent.com> Ed <edward.smith@nowlegent.com>
Edwin Groothuis <edwin@mavetju.org> <wireshark@mavetju.org>
Elouan Pignet <xse@riseup.net> Elouan <xse@riseup.net>
Erik de Jong <erikdejong@gmail.com> erikdejong <erikdejong@gmail.com>
Eugene Adell <eugene.adell@gmail.com> Eugene Adell <eugene.adell@d2-si.eu>
Eugene Exarevsky <eugene.exarevsky@dsr-company.com> dsrsupport <eugene.exarevsky@dsr-company.com>
Evan Huus <eapache@gmail.com> <evan.huus@jadedpixel.com>
Evgeny Oskolkov <ea.oskolkov@yandex.ru> HOMEPC\eaosk <ea.oskolkov@yandex.ru>
Fabian Bäumer <fabian.baeumer@rub.de> Fabian Bäumer <fabian.baeumer@ruhr-uni-bochum.de>
Farhad H. P. Shirvan <farhad.21.7@gmail.com> farhadh <farhad.21.7@gmail.com>
Ferry Huberts <ferry.huberts@pelagic.nl> Ferry Huberts <mailings@hupie.com>
Florian Fainelli <florian@openwrt.org> Florian Fainelli <f.fainelli@gmail.com>
Francesco Fondelli <francesco.fondelli@gmail.com> ff <francesco.fondelli@gmail.com>
Francisco Javier Sánchez-Roselly <franciscojavier.sanchezroselly@ujaen.es> franciscojavier.sanchezroselly <franciscojavier.sanchezroselly@ujaen.es>
Francois-Xavier Le Bail <devel.fx.lebail@orange.fr> Francois-Xavier Le Bail <fx.lebail@yahoo.com>
Franklin Mathieu <franklinmathieu@gmail.com> Franklin "Snaipe" Mathieu <snaipe@diacritic.io>
Franklin Mathieu <franklinmathieu@gmail.com> Snaipe <franklinmathieu@gmail.com>
Fredrik Strand <frst@LT-FD3L2F3> frst <frst@LT-FD3L2F3>
Gabor Spaits <gabor.spaits@ericsson.com> Gabor Spaits <gaborspaits1@gmail.com>
Gabor Spaits <gabor.spaits@ericsson.com> Gábor Spaits <gaborspaits1@gmail.com>
Gabor Spaits <gabor.spaits@ericsson.com> Gabor Spaits <Gabor.Spaits@hightec-rt.com>
Gabriel Ganne <gabriel.ganne@enea.com> Gabriel Ganne <gabriel.ganne@gmail.com>
Gabriel Ganne <gabriel.ganne@enea.com> Gabriel Ganne <gabriel.ganne@qosmos.com>
Gabriel Potter <gabriel@potter.fr> gpotter2 <10530980+gpotter2@users.noreply.github.com>
Gabriel Potter <gabriel@potter.fr> gpotter2 <gabriel@potter.fr>
Garri Djavadyan <g.djavadyan@gmail.com> garrymar <g.djavadyan@gmail.com>
Gerald Combs <gerald@wireshark.org> Gerald Combs <gerald.combs@riverbed.com>
Gerald Combs <gerald@wireshark.org> <gerald@zing.org>
Gilbert Ramirez <gram@alumni.rice.edu> <gilramir@cisco.com>
Giovanni Musto <giovanni.musto@italdesign.it> Giovanni Musto <giovanni.musto@partner.italdesign.it>
Gizem Yurdagul <gizemnuryurdagul@gmail.com> gizem.yurdagul <gizemnuryurdagul@gmail.com>
Gloria Pozuelo <gloria.pozuelo@bics.com> glores <gloria.pozuelo@bics.com>
Graeme Lunt <graeme.lunt@smhs.co.uk> gal <graeme.lunt@smhs.co.uk>
Greg Morris <GMORRIS@novell.com> gmor1207@gmail.com <gmor1207@gmail.com>
Gregorio Maglione <gregorio.maglione@city.ac.uk> GREGORIO-M <gregorio.maglione@city.ac.uk>
Gtker <git@gtker.com> gtker <github@gtker.com>
Gtker <git@gtker.com> Gtker <wireshark@gtker.com>
Guy Davies <aguydavies@gmail.com> guydavies <aguydavies@gmail.com>
Hadriel Kaplan <hadrielk@yahoo.com> <hadriel@128technology.com>
Hannes R. Boehm <hannes@boehm.org> hannes <hannes@localhost>
Hiddencodes Sec <hidd3ncod3s@gmail.com> hidd3ncod3s <hidd3ncod3s@gmail.com>
Hitesh K Maisheri <maisheri.hitesh@gmail.com> <hmaisher@cisco.com>
Hitesh K Maisheri <maisheri.hitesh@gmail.com> maisheri <maisheri.hitesh@gmail.com>
Huang Qiangxiong <qiangxiong.huang@qq.com> huangqiangxiong <qiangxiong.huang@qq.com>
Ian Chen <free122448@hotmail.com> database64128 <free122448@hotmail.com>
Ionut Ceausu <ionut.ionita@keysight.com> ionuioni <ionut.ionita@keysight.com>
Ionut Ceausu <ionut.ionita@keysight.com> Ionut Ceausu <ionut.ceausu@gmail.com>
Irene Rüngeler <ruengeler@wireshark.org> Irene Ruengeler <ruengeler@wireshark.org>
Irene Rüngeler <ruengeler@wireshark.org> <I.Ruengeler@fh-muenster.de>
Irene Rüngeler <ruengeler@wireshark.org> <ruengeler@localhost>
Irene Rüngeler <ruengeler@wireshark.org> <ruengeler@MacBookIrene.local>
Irene Rüngeler <ruengeler@wireshark.org> ruengeler <ruengeler@wireshark.org>
Ishaan Gandhi <ishaangandhi@gmail.com> ishaangandhi <ishaangandhi@gmail.com>
Ismael Mendez Matamoros <ismael@rti.com> ismaelrti <ismael@rti.com>
Jaap Keuter <jaap.keuter@xs4all.nl> Jaap Keuter <jaap.keuter@aimvalley.com>
Jaap Keuter <jaap.keuter@xs4all.nl> Jaap Keuter <jkeuter@aimvalley.nl>
Jaime Caamaño Ruiz <jcaamano@suse.com> Jaime Caamaño Ruiz <jaime.caamano.ruiz@ericsson.com>
Jakub Rotkiewicz <rotkiewicz@google.com> Jakub Rotkiewicz <jakub.rotkiewicz@codecoup.pl>
Jakub Zawadzki <darkjames-ws@darkjames.pl> <darkjames@darkjames.pl>
Jan Romann <jan.romann@uni-bremen.de> Jan Romann <jan.romann@gmail.com>
Jason Cohen <j.cohen@f5.com> Jason Cohen <7011141-kryojenik@users.noreply.gitlab.com>
Jason Cohen <j.cohen@f5.com> Jason Cohen <kryojenik2@gmail.com>
Jean-Philippe Lebel <jp@lebel.pro> Jean-Philippe Lebel <jpl@ds.tools>
Jeff Layton <jlayton@kernel.org> Jeff Layton <jlayton@redhat.com>
Jeff Morriss <jeff.morriss.ws@gmail.com> <jeff.morriss@netscout.com>
Jeff Morriss <jeff.morriss.ws@gmail.com> <jeff.morriss@ulticom.com>
Jeff Morriss <jeff.morriss.ws@gmail.com> <morriss@ulticom.com>
Jeff Oconnell <jeffo@rulez.com> jeff oconnell <jeffo@rulez.com>
Jeffrey Goff <jgoff@hpe.com> Jeffrey Goff <jgoff@arubanetworks.com>
Jeremie Jig <me@jeremiejig.fr> Jeremiejig <me@jeremiejig.fr>
Jeremy Kerr <jk@codeconstruct.com.au> Jeremy Kerr <jk@ozlabs.org>
Jeremy McCormick <jjmccormick@protonmail.com> <jeremy.mccormick@craftdesigns.net>
Jeroen Sack <jeroen@jeroensack.nl> Jeroen Sack <jsack@lely.com>
Jeroen Sack <jeroen.sack@agcocorp.com> Jeroen Sack <jeroen@jeroensack.nl>
Jim Schaettle <jimschaettle@gmail.com> Nick <jimschaettle@gmail.com>
Jim Young <jim.young.ws@gmail.com> Jim Young <jyoung@gsu.edu>
Jiří Engelthaler <engycz@gmail.com> Jiri Engelthaler <engycz@gmail.com>
Jirka Novak <j.novak@netsystem.cz> j.novak@netsystem.cz
Jirka Novak <j.novak@netsystem.cz> novakji
Joakim Andersson <joakim.andersson@nordicsemi.no> Joakim Andersson <joerchan@gmail.com>
Joakim Karlsson <oakimk@gmail.com> Joakim Karlsson A <joakim.a.karlsson@ericsson.com>
João Valverde <j@v6e.pt> João Valverde <joao.valverde@tecnico.ulisboa.pt>
Joeri de Ruiter <joeri@cypherpunk.nl> Joeri <joeri@cypherpunk.nl>
Johnathan Raymond <johnathan.raymond@cpacketnetworks.com> Johnathan Raymond <johnathan.raymond@knightswhosaynil.com>
John Martin <john@purplemeanie.co.uk> jfp_martin <john@purplemeanie.co.uk>
John Miner <optommp@gmail.com> John <optommp@gmail.com>
Jonathan Fleming <jonathan@optigo.net> Jonathan Fleming <jonathanfleming135@gmail.com>
Jonathan Muñoz <jonathan.munoz@inria.fr> Jonathan Munoz <jonathan.munoz@inria.fr>
Jorge Power <jpower@rsscorp.org> jorge power
Jörg Mayer <jmayer@loplof.de> Joerg Mayer <jmayer@loplof.de>
Jörg Mayer <jmayer@loplof.de> Jörg Mayer <jmayer@egg.fg-networking.de>
Joseph Huffman <jhuffman@codeaurora.org> <jhuffman@qce.qualcomm.com>
Jose Rubio <joserubiovidales@gmail.com> clairvoyant <joserubiovidales@gmail.com>
Josh Schmelzle <josh@joshschmelzle.com> Josh Schmelzle <13954434+joshschmelzle@users.noreply.github.com>
Josh Schmelzle <josh@joshschmelzle.com> Josh Schmelzle <13954434+joshschmelzle@users.noreply.github.com>
Juan Jose Martin Carrascosa <juanjo@rti.com> Juanjo <juanjo@rti.com>
Juan Pablo Mendoza <jpablo@gmail.com> jpmendoza <jpablo@gmail.com>
Justin Byam Rye <justin.byam.rye@gmail.com> Justin B Rye <justin.byam.rye@gmail.com>
Kary Rogers <kary.rogers@gmail.com> karyrogers <kary.rogers@gmail.com>
Kasper Deng <kasper.deng@ericsson.com> KasperDeng <kasper.deng@ericsson.com>
Kirill Chernyshov <nideff.ru@gmail.com> kanidef <nideff.ru@gmail.com>
Koksal Kurt <koksal.kurt@siemens.com> KoksalKurt <koksal.kurt@siemens.com>
Kyler Lawbaugh <kyler.lawbaugh@gmail.com> Kyler <kyler.lawbaugh@gmail.com>
Lin Sun <lin.sun@zoom.us> Lin Sun <sunlin7@yahoo.com>
Loganaden Velvindron <logan@cyberstorm.mu> Loganaden Velvindron <loganaden@gmail.com>
Loris Degioanni <ld@degio.org> Loris Degioanni <loris@sysdig.com>
Luis Colmenero <colmenero@rti.com> Luis Colmenero <colmenero.sendra@gmail.com>
Lukas Emersberger <lukas.emersberger@gmail.com> <lukas.emersberger@br-automation.co.at>
Lukas Emersberger <lukas.emersberger@gmail.com> <lukas.emersberger@br-automation.com>
Marcel Essig <marcel.essig@gmx.de> <essig.marcel@gmail.com>
Marian Ďurkovič <md@bts.sk> Marian Durkovic
Marius Paliga <marius.paliga@gmail.com> Marius <mareko.paliga@gmail.com>
Marius Paliga <marius.paliga@gmail.com> Marius Paliga <mareko.paliga@gmail.com>
Mark Ciechanowski <markciechanowski@gmail.com> ciechanowski <markciechanowski@gmail.com>
Mark Ivens <mark.ivens@vitrifi.net> mivens <mark.ivens@vitrifi.net>
Markku Leiniö <markku@iki.fi> Markku Leiniö <markku.leinio@gmail.com>
Mark Phillips <mark.s.phillips@outlook.com> Mark Phillips <mark.phil@samsung.com>
Mark Phillips <mark.s.phillips@outlook.com> MarkPhillips <mark.s.phillips@outlook.com>
Martin Boye Petersen <martinboyepetersen@gmail.com> Martin Boye Petersen <martinboyepetersen@hotmail.com>
Martin Gallo <martin.gallo@gmail.com> Martin Gallo <mgallo@secureauth.com>
Martin Kaiser <wireshark@kaiser.cx> <martin.kaiser@paytec.ch>
Martin Kaiser <wireshark@kaiser.cx> <martin@reykholt.kaiser.cx>
Martin Kaiser <wireshark@kaiser.cx> <martin@skogar.kaiser.cx>
Martin Lutz <martin.lutz@gmail.com> Martin Lutz <martin.lutz+github@gmail.com>
Martin Lutz <martin.lutz@gmail.com> Martin <martin.lutz@gmail.com>
Martin Mathieson <martin.r.mathieson@gmail.com> Martin Mathieson <martin.mathieson@keysight.com>
Martin Nyhus <martin@nyhus.dev> Martin Nyhus <gitlab@nyhus.dev>
Martin Nyhus <martin@nyhus.dev> Martin Nyhus <martin.nyhus@gmx.com>
Martin Stigge <martin@stigge.org> Martin Stigge <mstigge@arista.com>
Martin Tibenský <martin.tibensky@alcatel-lucent.com> matibens
Martin Tibenský <martin.tibensky@alcatel-lucent.com> matibens <martin.tibensky@alcatel-lucent.com>
Martin Tibenský <martin.tibensky@alcatel-lucent.com> <tibensky233@gmail.com>
Marton Papp <marcigladiator@gmail.com> Marton Papp <marton.papp@commsignia.com>
Marvin Butkereit <marvin.butkereit@haw-hamburg.de> mbutkereit <marvin.butkereit@haw-hamburg.de>
Matheus K. Ferst <matheus.ferst@gmail.com> ferst <matheus.ferst@gmail.com>
Mathis Marion <mathis.marion@silabs.com> Mathis MARION <mathis.marion1@gmail.com>
Matthew Weant <msweant@gmail.com> Matthew Weant <msweant@gmail.com>
Matthieu Coudron <matthieu.coudron@lip6.fr> <mattator@gmail.com>
Matthieu Texier <matthieu@texier.tv> Matt Texier <matthieu@texier.tv>
Mauro Levra <mauro.levra@viavisolutions.com> Mauro Levra <mauro@nazardo.it>
Max Dmitrichenko <dmitrmax@gmail.com> dmitrmax <dmitrmax+github@gmail.com>
Maxence Younsi <maxence.younsi@insa-lyon.fr> Maxou <maxence.younsi@insa-lyon.fr>
Maxim Sharabayko <maxim.sharabayko@gmail.com> Maxim Sharabayko <maxlovic@gmail.com>
Mehmet Oguz Sakaoglu <mehmet.oguz.mnz@gmail.com> moguz <mehmet.oguz.mnz@gmail.com>
Michaël Bouchaud <michael.bouchaud@external.thalesaleniaspace.com> Michaël Bouchaud <michael.bouchaud@gmail.com>
Michaël Bouchaud <michael.bouchaud@external.thalesaleniaspace.com> Michael Bouchaud (yoz) <michael.bouchaud@toulouse.viveris.com>
Michael Christian Oed <2123595-michaeloed@users.noreply.gitlab.com> Michael C. Oed <2123595-michaeloed@users.noreply.gitlab.com>
Michael Oed <michael.oed@gmail.com> Mike78 <michael.oed@gmail.com>
Michael Pergament <mpergament@googlemail.com> Michael Pergament <mpergament@gmail.com>
Michael Tüxen <tuexen@wireshark.org> <tuexen@fh-muenster.de>
Michael Tüxen <tuexen@wireshark.org> <tuexen@mba.local>
Michail Koreshkov <michail.koreshkov@mail.ru> <drkor@bk.ru>
Michail Koreshkov <michail.koreshkov@mail.ru> <drkor@hotbox.ru>
Michał Łabędzki <michal.labedzki@wireshark.org> Michal Labedzki <michal.labedzki@tieto.com>
Michał Orynicz <michal.orynicz@tieto.com> michal.orynicz
Michal Prívozník <mprivozn@redhat.com> <miso.privoznik@gmail.com>
Michal Prívozník <mprivozn@redhat.com> <mprivozn@redhat.com>
Michal Ruprich <mruprich@redhat.com> Michal Ruprich <michalruprich@gmail.com>
Mikael Kanstrup <mikael.kanstrup@gmail.com> Mikael Kanstrup <mikaeka@axis.com>
Mikael Kanstrup <mikael.kanstrup@gmail.com> Mikael Kanstrup <mikaeka@axis.com>
Mikael Kanstrup <mikael.kanstrup@gmail.com> Mikael Kanstrup <mikael.kanstrup@sony.com>
Mikael Kanstrup <mikael.kanstrup@gmail.com> Mikael Kanstrup <mikael.kanstrup@sonymobile.com>
Mikkle Troest <mikkel@troest.dk> Mikkle <mikkel@troest.dk>
Milos Jovanovic <jeyem815@gmail.com> LoSmX <jeyem815@gmail.com>
Mirko Deckert <mirko.deckert@adtran.com> mirkodeckert <mirko.deckert@adtran.com>
Moraney Jalil <moraney.jalil@outlook.com> moraney.jalil
Moshe Kaplan <me@moshekaplan.com> moshekaplan <me@moshekaplan.com>
Moshe Kaplan <me@moshekaplan.com> Moshe Kaplan <mosheekaplan@gmail.com>
Moshe Kaplan <me@moshekaplan.com> Your Name <you@example.com>
Mustafa Bulut <mustafa.bulut@siemens.com> Bulut, Mustafa (DI PA AE STS DH 2) <mustafa.bulut@siemens.com>
Nathaniel Clark <Nathaniel.Clark@misrule.us> Nathaniel Clark <nathaniel.l.clark@intel.com>
Nick J <nick@nickvsnetworking.com> nickvsnetworking <nick@nickvsnetworking.com>
Nicolas Bertin <nicolas.bertin@al-enterprise.com> nbertin <nicolas.bertin@al-enterprise.com>
Nicolas Cami <nicolas.camil@airbus.com> Nicolas C <nicolas.camil@airbus.com>
Nikhil Acharya Prakash <nikhilap@arista.com> Nikhil AP <nikhilap@arista.com>
Nils Nowag <nils.nowag@codewerk.de> Nils <nils.nowag@codewerk.de>
Noan Perrot <noan.perrot@apizee.com> Noan <noan.perrot@gmail.com>
Noan Perrot <noan.perrot@apizee.com> Noan Perrot<noan.perrot@gmail.com>
Odysseus Yang <wiresharkyyh@outlook.com> Odysseus Yang <yongyang@microsoft.com>
Olga Kornievskaia <kolga@netapp.com> Olga Kornievskaia <olga.kornievskaia@gmail.com>
Oliver Downard <oliver.downard@couchbase.com> olivermd <oliver.downard@couchbase.com>
Omer Shapira <omer_shapira@apple.com> Omer Shapira <omer.shapira+github@gmail.com>
Orgad Shaneh <orgad.shaneh@audiocodes.com> Orgad Shaneh <orgads@gmail.com>
Øyvind Rønningstad <ronningstad@gmail.com> oyv <ronningstad@gmail.com>
Paolo Abeni <pabeni@redhat.com> Paolo Abeni <paolo.abeni@gmail.com>
Pascal Quantin <pascal@wireshark.org> <pascal@localhost>
Pascal Quantin <pascal@wireshark.org> Pascal Quantin <pascal.quantin@gmail.com>
Patricia Lindner <lindnerp@ohio.edu> lindnerp <lindnerp@ohio.edu>
Patrick Servello <patrick.servello@gmail.com> Patrick <patrick.servello@gmail.com>
Patrik Moško <patrikmosko95@gmail.com> PatrikMosko <patrikmosko95@gmail.com>
Pau Espin Pedrol <pespin.shar@gmail.com> pespin.shar@gmail.com <pespin.shar@gmail.com>
Paul Donald <newtwen@gmail.com> Paul Donald <newtwen+github@gmail.com>
Paul Donald <newtwen@gmail.com> Paul Donald <newtwen+gitlab@gmail.com>
Paul Offord <paul.offord58@gmail.com> Paul Offord <paul.offord@advance7.com>
Paul Williamson <paul@mustbeart.com> MustBeArt<paul@mustbeart.com>
Pavel Strnad <strnadp@tiscali.cz> Pavel Strnad <pavel_strnad@hotmail.com>
Pavol Oresky <pavoloresky47@gmail.com> pavol47 <pavoloresky47@gmail.com>
Pavol Oresky <pavoloresky47@gmail.com> po307ax <pavol.oresky@student.tuke.sk>
Pegah Hajiani <pegah_haj@yahoo.com> pegah hajiani <pegah_haj@yahoo.com>
Peter Dobransky <pdobransky@verizon.net> Peter Dobransky <peter.dobransky@harmonicinc.com>
Peter McLean <peterm@arista.com> <peterm@arista.com>
Peter Ross <peter.ross@dsto.defence.gov.au> <peter.ross@rmit.edu.au>
Peter Wu <peter@lekensteyn.nl> <lekensteyn@gmail.com>
Petr Gotthard <petr.gotthard@honeywell.com> Petr Gotthard <petr.gotthard@centrum.cz>
Piotr Gawlowicz <piotr.gawlowicz@srs.io> Piotr Pawłowski <ppiotru@gmail.com>
Piotr Winiarczyk <piotr.winiarczyk@silvair.com> Piotr Winiarczyk <wino45@gmail.com>
Pranay Nag <pranay.dilip@graniteriverlabs.in> pranay nag <pranay.dilip@graniteriverlabs.in>
Pratik Yeole <pyeole@ncsu.edu> Pyeole <pyeole@ncsu.edu>
Prerit Jain <prerit.jain@samsung.com> Prerit Jain <prerit.jain@gmail.com>
Qiaoyin Yang <qiaoyin.yang@gmail.com> <qiaoyin.yang@gmail.com>
Richard Kuemmel <kuemmel.ric@googlemail.com> richardk <kuemmel.ric@googlemail.com>
Richard Sharpe <realrichardsharpe@gmail.com> Richard Sharpe <richard.sharpe@primarydata.com>
Richard Sharpe <realrichardsharpe@gmail.com> Richard Sharpe <rsharpe@samba.org>
Richard Sharpe <realrichardsharpe@gmail.com> <sharpe@ns.aus.com>
Rickard Holmberg <rickard.holmberg@raysearchlabs.com> Rickard Holmberg <rickard@avkrok.net>
Robert Cragie <robert.cragie@gmail.com> Robert Cragie <robert.cragie@arm.com>
Robert Grange <robionekenobi@bluewin.ch> robioneknobi
Roland Knall <rknall@gmail.com> Roland Knall <r.knall@commend.com>
Roland Knall <rknall@gmail.com> Roland Knall <r.knall@moba.cc>
Roman Donchenko <rdonchen@outlook.com> <dpb@corrigendum.ru>
Roman Leonhartsberger <roman.leonhartsberger@elektrobit.com> Roman Leonhartsberger <ro.leonhartsberger@gmail.com>
Ronen Boazi <ronen.boazi@intel.com> Boazi <ronen.boazi@intel.com>
Ronnie Sahlberg <ronniesahlberg@gmail.com> <ronnie_sahlberg@ozemail.com.au>
Ross Jacobs <rossbjacobs@gmail.com> Ross <rossbjacobs@gmail.com>
Ross Jacobs <rossbjacobs@gmail.com> Ross <whim42+github@gmail.com>
Rudra Rugge  <rrugge@juniper.net> Rudra Rugge <rudrarugge@gmail.com>
Rui ZHANG <rzhang@grandstream.cn> ZHANG Rui <rzhang@grandstream.cn>
Russel Howe <russel@appliedinvention.com> Russel <russel@appliedinvention.com>
Rustam Safargalin <rustam.safargalin@sifox.ru> Rustam S <rustam.safargalin@sifox.ru>
Ryan Govostes <rgovostes@gmail.com> Ryan Govostes <rgovostes+git@gmail.com>
Ryan Govostes <rgovostes@gmail.com> Ryan Govostes <ryan@govost.es>
Ryosuke Takenaka <takenaka@fnsc.co.jp> takenaka <takenaka@fnsc.co.jp>
Sadettin Er <sadettin.er@sabanciuniv.edu> corleonesado <sadettin.er@sabanciuniv.edu>
Sadettin Er <sadettin.er@sabanciuniv.edu> Sadettin Er <sadettin.er@b-ulltech.com>>
Saku Ytti <saku@ytti.fi> ytti <saku@ytti.fi>
Samantha Morris <1994scm@gmail.com> Sammie <sammie@debian.debian>
Samiran Saha <ssahasamiran@gmail.com> samsaha <ssahasamiran@gmail.com>
Samuel Hufen <samuel@hufen.xyz> deluxe2 <samuel@hufen.xyz>
Sangeetha Jain <ssi@extremenetworks.com> Sangeetha Jain <sangeethasijain@gmail.com>
Sanket Godbole <sanket.godbole@spirent.com> sangodbole <sanket.godbole@spirent.com>
Santiago Lanzarote <santiago.lanzarote@student.uclouvain.be> santiagolanzarote <santiago.lanzarote@student.uclouvain.be>
Sebastien Herber <sebastian.herber@hbkworld.com> sherber1 <sebastian.herber@hbkworld.com>
Selva Kumar <v.selvamuthukumar@gmail.com> Selva <v.selvamuthukumar@gmail.com>
Sergey V. Lobanov <sergey.v.lobanov@yandex.ru> Sergey V. Lobanov <sergey@lobanov.in>
Seth Grinstead <grin0021@algonquinlive.com> Seth <grin0021@algonquinlive.com>
Sezer Urun <sezer_urun@outlook.com> Sezer <sezer_urun@outlook.com>
Shekhar Chandra <ranushekhar@gmail.com> ranushekhar
Shuai Xiao <iamhihi@gmail.com> shuai xiao <iamhihi@gmail.com>
Shubham Jha <itsshubhamjha@gmail.com> Shubham jha <itsshubhamjha@gmail.com>
Shubh Sinhal <shubh.sinhal@gmail.com> Phoenix <shubh.sinhal@gmail.com>
Simon Barber <simon.barber@meraki.net> Simon Barber <sbarber@parc.com>
Simon Zhong <szhong.jnpr@gmail.com> szhong <szhong.jnpr@gmail.com>
Slavka Michal <slavka.michal@gmail.com> slavka <slavka.michal@gmail.com>
snicket2100 <snicket2100@protonmail.com> snicket2100 <15079832-snicket2100@users.noreply.gitlab.com>
Sofiane Degoui <degoui.sofiane@gmail.com> sofiane degoui <degoui.sofiane@gmail.com>
S. Shapira <sswsdev@gmail.com> sswsdev <sswsdev@gmail.com>
Stefan Battmer <stefan.battmer@matrix-vision.de> bat <stefan.battmer@matrix-vision.de>
Stefan Wenk<stefan.wenk@frequentis.com> StefanWenk2 <stefan.wenk@frequentis.com>
Stella Randall <stella.randall@emeerson.com> rosemountSkp <rosemountSkp@code.wireshark.org>
Stephen Donnelly <stephen@endace.com> sfd <stephen.donnelly@emulex.com>
Stephen Donnelly <stephen@endace.com> sfd <stephen.donnelly@endace.com>
Stephen Donnelly <stephen@endace.com> Stephen Donnelly <stephen.donnelly@emulex.com>
Stephen Fisher <stephenfisher@centurylink.net> <sfisher@panix.com>
Stephen Fisher <stephenfisher@centurylink.net> <sfisher@sdf.org>
Stephen Fisher <stephenfisher@centurylink.net> <stephenfisher-wireshark@outlook.com>
Stephen Fisher <stephenfisher@centurylink.net> <steve@stephen-fisher.com>
Sumit Kumar Jha <sjha3@ncsu.edu> sjha3 <sjha3@ncsu.edu>
Szilard Turi-Kovats <szilard.turi-kovats@commsignia.com> tkszilu <tkszilu@ gmail.com>
Tadeusz Struk <tadeusz.struk@intel.com> Tadeusz Struk <tstruk@gmail.com>
Takumi Ishihara <takuan@wide.ad.jp> takuan517 <mail@otakuan.dev>
Tengfei Chang <tengfei.chang@inria.fr> tchang <tengfei.chang@inria.fr>
Thies Moeller <thies.moeller@baslerweb.com> <thies.moeller@baslerweb.com>
Thomas d'Otreppe <tdotreppe@aircrack-ng.org> Mister X <tdotreppe@aircrack-ng.org>
Thomas Portassau <thomas.portassau@hotmail.fr> Thomas PORTASSAU <thomas.portassau@hotmail.fr>
Thomas Sailer <sailer@tsailer.ch> Thomas Sailer <gitlab@sailer.dynip.lugs.ch>
Tim Bruylants <tbr@intopix.com> Tim Bruylants <t.bruylants@intopix.com>
Timo Warns <timow@DiningPhilosopher.de> Timo Warns <timow+git@DiningPhilosopher.DE>
Timo Warns <timow@DiningPhilosopher.de> Timo Warns <timow+github@DiningPhilosopher.DE>
Timo Warns <timow@DiningPhilosopher.de> Timo Warns <timow+gitlab@diningphilosopher.de>
Tobias Micheler <tobiasmicheler@outlook.de> Tobias <tobiasmicheler@outlook.de>
Tobias Mueller <muelli@cryptobitch.de> Tobias Mueller <gitlab@muelli.cryptobitch.de>
Tomas Kukosa <tomas.kukosa@ixperta.com> Tomas Kukosa <kukosa@herman.cz>
Tomas Kukosa <tomas.kukosa@ixperta.com> Tomas Kukosa <tkeksa@gmail.com>
Tom Haynes <loghyr@hammerspace.com> Tom Haynes <loghyr@primarydata.com>
Toshihiro Kataoka <kataoka.toshihiro@gmail.com> KATAOKA, Toshihiro <kataoka.toshihiro@gmail.com>
Triebitz Shaul <shaul.triebitz@intel.com> Triebitz, Shaul <shaul.triebitz@intel.com>
Trond Norbye <trond@couchbase.com> Trond Norbye <trond.norbye@gmail.com>
Uli Heilmeier <uh@heilmeier.eu> Uli Heilmeier <openid@heilmeier.eu>
Uli Heilmeier <uh@heilmeier.eu> Uli Heilmeier <ulrich.heilmeier@vitesco.com>
Uli Heilmeier <uh@heilmeier.eu> Uli Heilmeier <ulrich.heilmeier@web.de>
Uygar Koseer <uygar.koseer@siemens.com> Koseer, Nihat Uygar (ADV D EU TR MI&C IC 3) <uygar.koseer@siemens.com>
Vadim Fedorenko <vadimjunk@gmail.com> Vadim Fedorenko <junk@yandex-team.ru>
Vadim Yanitskiy <vyanitskiy@sysmocom.de> Vadim Yanitskiy <axilirator@gmail.com>
Vahap Emin Agaogullari <emin.agaogullari@siemens.com> Vahap Emin Agaogullari <vahapemin44@gmail.com>
Vahap Emin Agaogullari <vahapemin44@gmail.com> vahapemin <vahapemin44@gmail.com>
Vasil Velichkov <vvvelichkov@gmail.com> Vasil Velichckov <vvvelichkov@gmail.com>
Vasil Velichkov <vvvelichkov@gmail.com> Vasil Velichkov <vasko@192.168.1.12>
Vasil Velichkov <vvvelichkov@gmail.com> Vasil Velichkov <vasko@vvelichkov2.dev.opencode.com>
Vikram Hegde <vikram.h@samsung.com> Vikram Hegde <vikram.h@amsung.com>
Vincent Helfre <vincent.helfre@gmx.net> Vincent Helfre <vincenthelfre@googlemail.com>
Vincenzo Reale <smart2128vr@gmail.com> Vincenzo Reale <smart2128@baslug.org>
Viorela Marcu <viorela.marcu@keysight.com> Viorela <viorela.marcu@keysight.com>
Volodymyr Khomenko <Khomenko.Volodymyr@gmail.com> Volodymyr Khomenko <Volodymyr_Khomenko@DellTeam.com>
Volodymyr Khomenko <volodymyr@vastdata.com> Volodymyr Khomenko <Khomenko.Volodymyr@gmail.com>
Vyacheslav Kostyuchenko <vyacheslav.kostyuchenko@dsr-corporation.com> vyacheslav.kostyuchenko <vyacheslav.kostyuchenko@dsr-corporation.com>
Warren Moxam <warrenmptgrey@gmail.com> warrenm <warrenmptgrey@gmail.com>
Warren Moxam <warrenmptgrey@gmail.com> <warren@peter-ubuntu32.(none)>
Wataru Mishima <watal.i27e@gmail.com> watal <watal.i27e@gmail.com>
Weiran Liu <gliuwr@gmail.com> CzBiX <gliuwr@gmail.com>
Wido Kelling <kellingwido@aol.com> Widok <kellingwido@aol.com>
Wu Sheng <wusheng@vivo.com> wu sheng <wusheng@vivo.com>
Xu Yanbing <xu.yanbing@1nce.com> Blank <xu.yanbing@1nce.com>
Yang Luo <hsluoyz@qq.com> hsluoyz <hsluoyz@qq.com>
Yang Luo <hsluoyz@qq.com> Yang Luo <hsluoyz@gmail.com>
Yaniv Kaul <mykaul@gmail.com> <yaniv.kaul@emc.com>
Yann Lejeune <ylejeune@netyl.org> Yann Lejeune <yann.lejeune@gmail.com>
Yann Pomarède <yann.pomarede@gmail.com> Yann Pomarede <yannpomarede@gmail.com>
Yasuyuki Tanaka <yasuyuki.tanaka@inria.fr> Yasuyuki Tanaka <yatch1.tanaka@toshiba.co.jp>
Yasuyuki Tanaka <yasuyuki.tanaka@inria.fr> Yasuyuki Tanaka <yatch@isl.rdc.toshiba.co.jp>
Yasuyuki Tanaka <yasuyuki.tanaka@inria.fr> <yatch@isl.rdc.toshiba.co.jp>
Yuan Jungong <yuanjungong96@gmail.com> yuanjungong <yuanjungong96@gmail.com>
Yu Gao <katgao@cisco.com> Yu Gao <katherinegy0515@gmail.com>
Yuya Kawakami <yuyarin@yuyarin.net> Yuya Kawakami <github@yuyarin.net>
Zachary Holcomb <zholcomb2017@my.fit.edu> Zachary <zholcomb2017@my.fit.edu>
Zhang Zhilei <zhangzhilei@360.cn> <zhangzhilei@360.cn>
Zhao Lin <zlbinghamton@gmail.com> linzhao115 <zlbinghamton@gmail.com>
Zhongwei Situ <zsitu@extremenetworks.com> zhongweisitu <zsitu@extremenetworks.com>
Zoran Bošnjak <zoran.bosnjak@via.si> Zoran Bošnjak <zoran.bosnjak@sloveniacontrol.si>
